{"Validation F1 Score":0.48917405451497725,"Validation Accuracy":0.994693880771106,"Train Precision":0.5621853769917191,"Train Loss":0.24139242758462717,"Validation Precision":0.5629441853492491,"_wandb":{"runtime":1472},"Validation Recall":0.46128341026844516,"Train Recall":0.5708992428832002,"Train Accuracy":0.994693880771106,"Validation IoU":0.32783257192181003,"Train Dice Coefficient":0.561883270303845,"Validation AUROC":0.9727298175134966,"_runtime":1468.497862103,"epoch":39,"_timestamp":1.7386724344415975e+09,"Train AUROC":0.9639100227163825,"_step":77,"Validation Loss":0.28174498436912415,"Train IoU":0.39276443334507855,"Train F1 Score":0.5618827931391888,"Validation Dice Coefficient":0.4891745073180045}