{"Train Dice Coefficient":0.49120626397102884,"Validation Accuracy":0.9937665098868076,"Train AUROC":0.9409610764035639,"Train Recall":0.5002161841722405,"Train Loss":0.27880219037427845,"Train IoU":0.3266157453539986,"Validation Precision":0.5368051396475898,"Train F1 Score":0.4912057755128393,"Validation Loss":0.294864142106639,"Train Accuracy":0.9937665098868076,"Validation Recall":0.4314020325740178,"_runtime":300.619091427,"_step":75,"_wandb":{"runtime":303},"_timestamp":1.7362867993580778e+09,"Train Precision":0.4921527107556661,"Validation IoU":0.3039409750037723,"Validation AUROC":0.9560967915587955,"Validation Dice Coefficient":0.4630712452861998,"epoch":37,"Validation F1 Score":0.4630707734160953}