{"epoch":59,"Validation IoU":0.32141440692875123,"Validation Recall":0.39537321362230515,"Train Precision":0.6559582322648486,"_runtime":988.972817214,"Validation Dice Coefficient":0.48326078057289124,"Train F1 Score":0.6389657422056738,"_timestamp":1.7384226550378284e+09,"Validation Precision":0.6520386007097032,"Train IoU":0.47100186929012994,"_wandb":{"runtime":988},"Train Recall":0.6285902833413778,"Validation Accuracy":0.9957116148756735,"Validation Loss":0.2833203400174777,"Train Loss":0.19830261855005468,"Train Dice Coefficient":0.6389662167936001,"Validation F1 Score":0.48326033519374,"Validation AUROC":0.9425798919465807,"Train Accuracy":0.9957116148756735,"Train AUROC":0.958420548049159,"_step":119}