{"Train Recall":0.6279363980833089,"Train Dice Coefficient":0.6425881200241592,"_step":119,"Validation Accuracy":0.9957727310042711,"_runtime":1457.617716737,"Validation Precision":0.6498605410257975,"Train Accuracy":0.9957727310042711,"Validation Recall":0.39571672346856857,"Train Precision":0.6659121622079573,"_timestamp":1.7384197553477702e+09,"Train AUROC":0.9457397224768153,"Train IoU":0.47496575904342364,"Validation Loss":0.28464793662230176,"Validation Dice Coefficient":0.4815649754471249,"Validation AUROC":0.9326353238688575,"Validation IoU":0.3196317147877481,"Train Loss":0.19707316324208518,"_wandb":{"runtime":1457},"epoch":59,"Validation F1 Score":0.4815645284122891,"Train F1 Score":0.642587643187001}