{"Train Recall":0.4320860684955076,"_timestamp":1.7363656553490357e+09,"Validation Dice Coefficient":0.441772255205339,"Validation IoU":0.2869046301611008,"_wandb":{"runtime":609},"Validation Precision":0.5316953726353184,"Validation Loss":0.30502646440459835,"_step":17,"Train Dice Coefficient":0.4455948097037745,"Validation Accuracy":0.9936247286779103,"Validation F1 Score":0.44177178990456367,"Train F1 Score":0.4455943222229297,"Train Precision":0.47991243725294597,"_runtime":605.098298665,"Validation Recall":0.4135484209945125,"epoch":9,"Train IoU":0.28802075796511584,"Train Accuracy":0.9936247286779103,"Validation AUROC":0.9531558386741146,"Train Loss":0.3062706458699572,"Train AUROC":0.9146749458033523}