{"Train F1 Score":0.6064381442227207,"epoch":47,"Validation F1 Score":0.5439450346654461,"Validation Accuracy":0.9952433694413293,"Validation AUROC":0.9736502651245363,"Validation Recall":0.5372647570986901,"Validation Loss":0.25170007780674963,"Train Dice Coefficient":0.6064386171299022,"_runtime":2515.236115227,"Validation Precision":0.5859098703630509,"Train Recall":0.6150540175673725,"Train IoU":0.4376389998874385,"_step":93,"Validation IoU":0.37765841474456174,"_timestamp":1.7386614794774606e+09,"Train Precision":0.609029444801065,"Validation Dice Coefficient":0.5439454932366649,"Train Loss":0.21676556302077604,"Train Accuracy":0.9952433694413293,"_wandb":{"runtime":2532},"Train AUROC":0.9673980745203766}