{"Validation Loss":0.24720936340670432,"Train Recall":0.6015849948038549,"Validation Accuracy":0.9952028151396867,"Validation Recall":0.5189431420257015,"Train Precision":0.6089707222176995,"Validation IoU":0.38352774420092184,"Train Dice Coefficient":0.5998362082264799,"Train IoU":0.4304534775979353,"Train AUROC":0.9634604480240371,"Validation F1 Score":0.5499285421063823,"_runtime":2353.704700265,"Train Accuracy":0.9952028151396867,"_timestamp":1.73866737422328e+09,"Train F1 Score":0.5998357356467963,"Validation Precision":0.6184808631097117,"epoch":45,"_step":89,"Train Loss":0.22063606060468233,"Validation Dice Coefficient":0.5499290026003315,"_wandb":{"runtime":2356},"Validation AUROC":0.9738292636409882}