{"Train Loss":0.21764966758179577,"Validation IoU":0.36146318143413914,"Train Dice Coefficient":0.6046631188838036,"Validation Precision":0.6304699893920652,"Train F1 Score":0.6046626472866142,"Validation Recall":0.4711705215515629,"Train IoU":0.43572638781516104,"_step":83,"Validation Loss":0.26152185038212805,"Validation Dice Coefficient":0.5256667214055215,"Validation Accuracy":0.9952412806587778,"Train Precision":0.6117540971263424,"Train Accuracy":0.9952412806587778,"_timestamp":1.7363717226527832e+09,"_runtime":2293.267049869,"Train AUROC":0.9593091862542289,"Validation F1 Score":0.5256662599502071,"Train Recall":0.6077622907720642,"_wandb":{"runtime":2295},"Validation AUROC":0.9657312823880103,"epoch":42}