{"_wandb":{"runtime":804},"Train Dice Coefficient":0.017619849204951243,"Train IoU":0.009159916139280105,"Validation Loss":0.5171841815594704,"Train F1 Score":0.017619666153208195,"Train Loss":0.5089776363128271,"Validation Precision":0.584951723570921,"Train Recall":0.017597916599125983,"epoch":11,"Validation Recall":0.002015389816546705,"Train AUROC":0.6798407546766512,"Validation Accuracy":0.9913509584171868,"Validation IoU":0.001409116358958317,"_runtime":802.305062039,"Validation F1 Score":0.002711789713994999,"Validation AUROC":0.7489216250758017,"Train Precision":0.21154614626619944,"Validation Dice Coefficient":0.0027118063788494637,"_timestamp":1.7384301400932996e+09,"Train Accuracy":0.9913509584171868,"_step":21}