{"_runtime":439.716124822,"Validation AUROC":0.7031434534057495,"Validation Accuracy":0.9938639585788434,"_timestamp":1.738493445373339e+09,"Train Dice Coefficient":1.5860828257205411e-09,"Train IoU":1.5860828257205411e-09,"Validation Loss":0.5205879788244924,"Train Recall":1.5860828257205411e-09,"Train F1 Score":3.1721626339118362e-09,"Validation IoU":6.757813376990021e-09,"Validation F1 Score":1.3515612206477055e-08,"epoch":4,"_step":7,"Train Precision":1,"Train Accuracy":0.9938639585788434,"Validation Dice Coefficient":6.757813376990021e-09,"Validation Recall":6.757813376990021e-09,"Train Loss":0.5148091425389161,"Train AUROC":0.6231029439758469,"_wandb":{"runtime":485},"Validation Precision":1}