{"Train F1 Score":0.5980672691112909,"Train Precision":0.6087410697788546,"Validation Recall":0.5200038927216684,"Train Accuracy":0.9952082561922597,"_runtime":2848.231548308,"_timestamp":1.7385144794081419e+09,"Validation Loss":0.2464846521615982,"epoch":49,"Train Dice Coefficient":0.5980677451842871,"Validation AUROC":0.9729116789756282,"Train IoU":0.4288250285408872,"Validation Accuracy":0.9952082561922597,"_step":97,"Validation F1 Score":0.5509038269519806,"Train Recall":0.5972563255400885,"Validation Dice Coefficient":0.5509042951368517,"Train AUROC":0.9565015094620841,"Validation Precision":0.6177118593646634,"Validation IoU":0.3840303978612346,"Train Loss":0.2211713411541649,"_wandb":{"runtime":2851}}