{"Train Recall":0.05893315246090221,"Validation Accuracy":0.9908257345140199,"Train AUROC":0.7111888283338302,"Validation Precision":0.28352596572035127,"_runtime":1015.405372868,"Train IoU":0.033924772752806004,"Validation IoU":0.003328080209328329,"_step":29,"Validation Recall":0.0041730481277304585,"Train F1 Score":0.062163666756259464,"Train Accuracy":0.9908257345140199,"epoch":15,"Train Loss":0.4957893003910889,"Validation F1 Score":0.006552832810138029,"Validation Loss":0.514302570012308,"Train Precision":0.12836494222436332,"_timestamp":1.7363473413521001e+09,"Train Dice Coefficient":0.062163965223122265,"Validation Dice Coefficient":0.006552920871169624,"_wandb":{"runtime":1015},"Validation AUROC":0.7561117256841352}