{"Validation Dice Coefficient":6.757813376990021e-09,"Train Dice Coefficient":9.107075182336727e-05,"Train AUROC":0.6394314854354649,"_step":11,"Validation AUROC":0.6039337535058299,"Train Precision":0.9856096290673414,"Train IoU":4.6109332825911845e-05,"_runtime":586.165573765,"epoch":6,"_timestamp":1.738430925307112e+09,"Train Accuracy":0.9938547954017862,"Train Loss":0.5129925668676257,"Validation IoU":6.757813376990021e-09,"_wandb":{"runtime":643},"Validation Loss":0.5195838087989438,"Validation Precision":1,"Validation F1 Score":1.3515612206477055e-08,"Validation Accuracy":0.9938547954017862,"Validation Recall":6.757813376990021e-09,"Train F1 Score":9.107126082009245e-05,"Train Recall":5.5130413819049945e-05}