{"Validation F1 Score":0.4917776766750548,"Validation Recall":0.4286430858903461,"_runtime":899.694548884,"Train Accuracy":0.9956939066730955,"Train IoU":0.46814391822934903,"Validation Precision":0.6020854446623061,"Validation Loss":0.2779743977718883,"_step":119,"Validation IoU":0.32820458047919804,"Train AUROC":0.959068570871773,"Train Dice Coefficient":0.636275589091223,"Validation AUROC":0.9485558900568221,"Train Precision":0.6539615032807836,"Train Loss":0.1994768926557505,"_wandb":{"runtime":899},"_timestamp":1.7379323016688561e+09,"epoch":59,"Validation Accuracy":0.9956939066730955,"Validation Dice Coefficient":0.4917781435781055,"Train F1 Score":0.6362751143158607,"Train Recall":0.6260828516393337}