{"Validation Dice Coefficient":0.5537110855502467,"Validation Loss":0.24639916996802053,"Validation F1 Score":0.5537106260176627,"Train Precision":0.615785355423833,"Train AUROC":0.9669355568868336,"_wandb":{"runtime":3570},"_step":93,"Validation Recall":0.544988488958728,"Train Loss":0.20636208259906524,"Train IoU":0.45564076883015614,"Train F1 Score":0.623959868600517,"Train Recall":0.6415914513252594,"Validation Accuracy":0.9953728481963441,"Validation Precision":0.5945860532022291,"Train Accuracy":0.9953728481963441,"Validation IoU":0.3870397613894555,"epoch":47,"_timestamp":1.7385183078287766e+09,"Train Dice Coefficient":0.6239603399793744,"Validation AUROC":0.9648835889754757,"_runtime":3517.952291573}