{"epoch":34,"Train Recall":0.6172660975120007,"_runtime":2504.52120884,"Validation AUROC":0.9474043000128961,"Train IoU":0.4421200559580282,"Train Loss":0.21590730949090078,"Validation Recall":0.43526543292307085,"Validation F1 Score":0.4999379731955067,"Train AUROC":0.9335641470147577,"_step":67,"Validation Dice Coefficient":0.4999384178269294,"Validation IoU":0.3381345550860128,"Validation Precision":0.6383671568286035,"Validation Accuracy":0.9953121431581267,"_wandb":{"runtime":2524},"Train F1 Score":0.6108659631385035,"Validation Loss":0.2745996819388482,"Train Precision":0.614645812865142,"Train Dice Coefficient":0.6108664318973764,"_timestamp":1.7384292967525764e+09,"Train Accuracy":0.9953121431581267}