{"Validation Precision":0.532500377585811,"Validation Recall":0.5139147052841802,"Train AUROC":0.9337280726694799,"Validation IoU":0.34027719353475877,"epoch":13,"Train Precision":0.5423034049652435,"_timestamp":1.7363633474117818e+09,"Train Accuracy":0.9943547421322637,"Validation F1 Score":0.5049885521011968,"Train F1 Score":0.5354557530783908,"Validation Accuracy":0.9943547421322637,"Train Dice Coefficient":0.5354562291513869,"Train Loss":0.2545162998822146,"Validation Dice Coefficient":0.5049890193247026,"_runtime":760.348099572,"_step":25,"_wandb":{"runtime":768},"Validation AUROC":0.9508841864524349,"Train IoU":0.36751620356853193,"Train Recall":0.5461544843711259,"Validation Loss":0.2707290255254315}