{"_runtime":10236.731983854,"Validation AUROC":0.9377635928892321,"Train AUROC":0.9754847043599838,"Validation Precision":0.5965677701657818,"Train IoU":0.6984314544078631,"epoch":130,"Train Recall":0.796961974857491,"Validation Loss":0.27618584181031874,"Train Loss":0.0998827453170504,"Train Dice Coefficient":0.8210461699700617,"Validation F1 Score":0.5017012117370483,"Train Accuracy":0.9979191175747267,"_timestamp":1.7363041411430576e+09,"_step":259,"_wandb":{"runtime":10237},"Validation Recall":0.4514649995873051,"Train F1 Score":0.8210456980453743,"Validation Dice Coefficient":0.5017016645400755,"Train Precision":0.8499685859942174,"Validation Accuracy":0.9979191175747267,"Validation IoU":0.33880840434182075}