{"Train AUROC":0.783781383718763,"Train Loss":0.3089692921756388,"Validation Accuracy":0.9954538552752344,"Validation Loss":0.5160895835968756,"_step":249,"_wandb":{"runtime":10617},"Train Recall":0.3191980341479286,"Validation AUROC":0.7660679759517792,"Validation Recall":0.026945672763466346,"Validation F1 Score":0.04191570259468506,"Validation Dice Coefficient":0.04191579395936999,"Validation IoU":0.022715717835610362,"Train Dice Coefficient":0.43321075831862865,"Validation Precision":0.23529543161953512,"Train Precision":0.7620469737838913,"Train Accuracy":0.9954538552752344,"Train IoU":0.29038370975520633,"_runtime":10583.493318219,"epoch":125,"Train F1 Score":0.43321038004158713,"_timestamp":1.7363465814213197e+09}