{"epoch":2,"Validation Precision":1,"_wandb":{"runtime":322},"Validation Recall":6.757813376990021e-09,"Train IoU":1.6299847359107832e-09,"Validation AUROC":0.7532549615829222,"Train Recall":1.6314731177746122e-09,"Train F1 Score":3.1588183075175468e-09,"Train Dice Coefficient":1.6299847359107832e-09,"Validation Accuracy":0.9938628108073504,"Train Precision":0.9597069662223863,"Train AUROC":0.5730581068512284,"Validation F1 Score":1.3515612206477055e-08,"Train Accuracy":0.9938628108073504,"Validation Dice Coefficient":6.757813376990021e-09,"Validation Loss":0.5138994166927953,"_runtime":315.455289791,"Validation IoU":6.757813376990021e-09,"_step":3,"Train Loss":0.5224519570668539,"_timestamp":1.7384096166664538e+09}