{"Train Accuracy":0.9945801762664843,"Train IoU":0.38923816232936187,"Validation Dice Coefficient":0.5008381307125092,"Train Dice Coefficient":0.5586933971575971,"Validation IoU":0.33634837965170544,"Validation Recall":0.4544713828298781,"Train Precision":0.5581492978446888,"Validation F1 Score":0.5008376869890425,"epoch":22,"Train Recall":0.5699538200531366,"_timestamp":1.7363672633827481e+09,"Train F1 Score":0.5586929218199268,"_step":45,"Validation Accuracy":0.9945801762664843,"Validation AUROC":0.9476560321119096,"Validation Loss":0.2734565395447943,"_runtime":430.10472869,"_wandb":{"runtime":432},"Train Loss":0.24347812602729918,"Train AUROC":0.951058861969402,"Validation Precision":0.5860772066646152}