{"_wandb":{"runtime":3745},"epoch":47,"Validation Loss":0.242946048417399,"Validation IoU":0.39228640304457757,"Train F1 Score":0.6424158132556594,"Validation Recall":0.5255264928264003,"Train Recall":0.6349052069606361,"_step":93,"_runtime":3742.192298575,"Validation Precision":0.6277522636998084,"Validation Accuracy":0.9957671329215333,"Train Precision":0.6585343835991381,"Validation AUROC":0.9758751469273721,"_timestamp":1.7384972844036212e+09,"Train Loss":0.19722220814708388,"Validation Dice Coefficient":0.5584801781562067,"Train Dice Coefficient":0.6424162872545012,"Train AUROC":0.963718633730333,"Validation F1 Score":0.5584797090099703,"Train Accuracy":0.9957671329215333,"Train IoU":0.4755429638611091}