{"_wandb":{"runtime":604},"Train AUROC":0.933323638244245,"Train IoU":0.385708416970271,"_timestamp":1.7362882752612574e+09,"_runtime":600.564833762,"Train Precision":0.564375158938222,"Validation Accuracy":0.994639645582475,"Validation IoU":0.32951341486639446,"Validation Loss":0.2776522950993644,"Validation Dice Coefficient":0.4926527523332172,"Validation AUROC":0.9290353457132975,"epoch":35,"Validation Precision":0.6232483916812472,"Train F1 Score":0.5553238892330313,"Train Dice Coefficient":0.5553243615717258,"Train Recall":0.5573984978708831,"Train Accuracy":0.994639645582475,"Validation Recall":0.42516714334487915,"Train Loss":0.2441177174167813,"Validation F1 Score":0.4926522920529048,"_step":71}