{"Validation Precision":0.6364097066463963,"Validation Dice Coefficient":0.5397771096998646,"Validation Loss":0.25262295959457276,"_step":77,"_timestamp":1.7387882729913235e+09,"Validation F1 Score":0.5397766568968373,"Train IoU":0.4770395352945223,"Train Dice Coefficient":0.6436352568231659,"_runtime":3536.817888403,"Train AUROC":0.9606583640252278,"Validation Accuracy":0.9958291143288106,"Train Accuracy":0.9958291143288106,"Train Recall":0.6300240728881333,"Train Precision":0.6689405993664221,"_wandb":{"runtime":3561},"Train F1 Score":0.6436347860993047,"epoch":39,"Validation Recall":0.4971296263317908,"Validation AUROC":0.9686146436199066,"Train Loss":0.19744467167627244,"Validation IoU":0.3741703788118978}