{"Train Accuracy":0.9943185016349122,"_wandb":{"runtime":1205},"_step":43,"Train Dice Coefficient":0.5413880897310627,"_runtime":1178.634731429,"Train IoU":0.37262509976114544,"Validation Loss":0.27657907095647627,"Validation IoU":0.33065893957691805,"Validation F1 Score":0.49414555007411587,"Train AUROC":0.9580082107376267,"Validation Accuracy":0.9943185016349122,"Train Recall":0.5598030731136545,"epoch":22,"Validation Recall":0.47121105559410587,"_timestamp":1.7385213221392584e+09,"Validation Precision":0.5627539032889951,"Train Precision":0.5363675822050143,"Validation Dice Coefficient":0.49414601441352596,"Train Loss":0.25177384798343366,"Validation AUROC":0.9741138315969898,"Train F1 Score":0.5413876137672327}