{"epoch":19,"Validation F1 Score":0.5209898996737695,"Validation Accuracy":0.994738594079629,"Train AUROC":0.9475563089926164,"Validation Precision":0.5969219851878381,"Validation IoU":0.35528696400503956,"Validation AUROC":0.9632987745346562,"Validation Dice Coefficient":0.5209903640131797,"Train Dice Coefficient":0.5600962400873065,"Train Accuracy":0.994738594079629,"Train IoU":0.39104144526270285,"Validation Loss":0.26181134725770644,"Train Loss":0.24001331943950374,"Train F1 Score":0.560095767616789,"Validation Recall":0.4936095182934115,"_step":37,"Train Precision":0.5726391863036941,"_timestamp":1.7363625279806612e+09,"Train Recall":0.5634748663876082,"_wandb":{"runtime":2185},"_runtime":2143.844782859}