{"Train Precision":0.8557649939534907,"Validation IoU":6.757813376990021e-09,"_wandb":{"runtime":1067},"Train F1 Score":0.000585317201161702,"Train AUROC":0.6562598068198878,"Train Dice Coefficient":0.0005853272883464759,"Validation F1 Score":1.3515612206477055e-08,"_step":17,"Validation Loss":0.5120874104961273,"epoch":9,"Validation Recall":6.757813376990021e-09,"Train Recall":0.00045470093967072523,"_timestamp":1.7384985377149792e+09,"Validation AUROC":0.7620365196658719,"Train Loss":0.5129086752950927,"Train Accuracy":0.9937025286775806,"Validation Dice Coefficient":6.757813376990021e-09,"_runtime":1053.636883179,"Validation Precision":1,"Train IoU":0.0002960665476645936,"Validation Accuracy":0.9937025286775806}