{"Validation F1 Score":0.4667008230763097,"Train AUROC":0.900721883162474,"Train Precision":0.47024819014709945,"Train Dice Coefficient":0.4729738943961077,"Validation Precision":0.49924176162289036,"_runtime":482.646694438,"epoch":6,"Validation Accuracy":0.9934602327399201,"Train Recall":0.4948866667546632,"_timestamp":1.7386649649066982e+09,"Validation Loss":0.2930873728567554,"Train Accuracy":0.9934602327399201,"Validation Recall":0.48054497424633275,"Train Loss":0.2916432252297035,"_wandb":{"runtime":506},"_step":11,"Validation AUROC":0.9534136306854987,"Train F1 Score":0.4729734100264944,"Validation Dice Coefficient":0.4667012902998155,"Validation IoU":0.3075177184035701,"Train IoU":0.31112799523295936}