{"epoch":34,"Train AUROC":0.9331098772444815,"Validation AUROC":0.9482548336187998,"Train Accuracy":0.9942171434936283,"_runtime":576.43721169,"Validation IoU":0.30785687267780304,"Train Loss":0.2599648512759299,"Train Recall":0.5488128615250377,"Validation Loss":0.2922235263718499,"Train IoU":0.36427088353618886,"Validation F1 Score":0.46783940494060516,"Validation Dice Coefficient":0.46783985363112557,"Train F1 Score":0.5327200833356606,"Validation Accuracy":0.9942171434936283,"Validation Recall":0.4006348666217592,"_step":69,"Validation Precision":0.5982064372963376,"_timestamp":1.736293704276902e+09,"_wandb":{"runtime":579},"Train Dice Coefficient":0.5327205575487148,"Train Precision":0.5279473994138106}