{"Validation Recall":0.42316928174760604,"Train Dice Coefficient":0.4874845317699624,"_wandb":{"runtime":181},"Validation F1 Score":0.46361983319123584,"Train AUROC":0.9390446929811681,"Validation IoU":0.30486998872624504,"Validation Loss":0.29299578815698624,"epoch":21,"Validation Dice Coefficient":0.46362029016017914,"Validation Accuracy":0.9936855165463574,"Train F1 Score":0.487484040687669,"_step":43,"Train Precision":0.4846442939725312,"Train Accuracy":0.9936855165463574,"Validation AUROC":0.9683738946914673,"Train Loss":0.27961269461508814,"_runtime":180.040549372,"Train IoU":0.32335918785641027,"Validation Precision":0.5525401400195228,"_timestamp":1.7363682362060852e+09,"Train Recall":0.5013790938464351}