{"Train Recall":0.5530289271812299,"epoch":29,"Train Accuracy":0.994534378523355,"Validation Dice Coefficient":0.475357229190488,"Validation AUROC":0.9708523461895604,"Validation F1 Score":0.4753567595635691,"_timestamp":1.7386734899066248e+09,"Train IoU":0.37805032298896774,"_runtime":1005.421898323,"Validation Accuracy":0.994534378523355,"Train Loss":0.24865880335643614,"Train AUROC":0.9586522011529832,"Validation Recall":0.4493925518566562,"Validation Precision":0.5472376808043449,"Validation IoU":0.3155136242989571,"_step":57,"Train F1 Score":0.547029965089791,"Train Precision":0.5533376397230686,"_wandb":{"runtime":1010},"Train Dice Coefficient":0.5470304401802929,"Validation Loss":0.2877159608948615}