{"Validation Precision":0.5325823118609767,"Validation Accuracy":0.9939374301459764,"Validation F1 Score":0.4918917504049117,"Train Recall":0.5158866313132611,"Validation IoU":0.32928349462247664,"Train AUROC":0.9378104858346038,"Train IoU":0.3384961486408562,"epoch":12,"Validation AUROC":0.9760440645679351,"_step":22,"_wandb":{"runtime":770},"Train F1 Score":0.503972705139782,"Train Dice Coefficient":0.5039731853610867,"Train Precision":0.507907116041952,"Validation Dice Coefficient":0.4918922108988608,"Validation Recall":0.49718553885336847,"Train Accuracy":0.9939685280506427,"_runtime":770.103828259,"_timestamp":1.7363665732195723e+09,"Train Loss":0.2708318557167228,"Validation Loss":0.27880632637008546}