{"Train IoU":0.4546112979833896,"Validation F1 Score":0.540275348771003,"Validation Recall":0.5013062838585146,"Validation Precision":0.6180635402279515,"Train Recall":0.6211169195044172,"Train Accuracy":0.9955185734745347,"_wandb":{"runtime":2129},"Train Loss":0.20739272048512658,"Train Precision":0.6358014131203676,"Validation Dice Coefficient":0.5402758102263173,"Train Dice Coefficient":0.6224924187302153,"Validation AUROC":0.964359087328757,"Train AUROC":0.9639313531009269,"_step":77,"Validation IoU":0.37466634040878666,"epoch":39,"Validation Loss":0.253978495636294,"_timestamp":1.7363578883976414e+09,"Validation Accuracy":0.9955185734745347,"_runtime":2119.788004483,"Train F1 Score":0.6224919446222075}