{"Validation AUROC":0.9611904124418894,"Train Precision":0.5765685549697036,"Train Loss":0.23691180638922085,"Train Accuracy":0.9948022755436927,"_runtime":682.067424398,"Train F1 Score":0.5709161167999484,"Validation Accuracy":0.9948022755436927,"Train Recall":0.5735309060264684,"Validation Recall":0.4537634253501892,"Validation IoU":0.34096769574615693,"Train AUROC":0.9517992997319443,"Validation Loss":0.2727562338113785,"Validation F1 Score":0.5061034659544627,"_wandb":{"runtime":684},"_timestamp":1.7385199081124573e+09,"Validation Dice Coefficient":0.5061039411359363,"Train IoU":0.40084881808772777,"Validation Precision":0.5995263093047671,"epoch":43,"Train Dice Coefficient":0.5709165936371066,"_step":85}