{"_runtime":209.72167692,"Validation F1 Score":1.3515612206477055e-08,"Validation Precision":1,"Validation Accuracy":0.9891308871381012,"Train Dice Coefficient":0.0025847046387011234,"Train Precision":0.6337880417822743,"Validation Dice Coefficient":6.757813376990021e-09,"Train IoU":0.0013279294298754894,"Train AUROC":0.5209979690038241,"epoch":1,"Validation AUROC":0.7044054183267778,"_wandb":{"runtime":218},"_timestamp":1.7363635872781205e+09,"Validation Loss":0.5279383717044708,"_step":1,"Train Accuracy":0.9891308871381012,"Train Loss":0.6035111042169424,"Validation Recall":6.757813376990021e-09,"Train F1 Score":0.0025846659025366547,"Train Recall":0.006717679252751829,"Validation IoU":6.757813376990021e-09}