{"Train Recall":0.6078672510582012,"Validation AUROC":0.9658790173069123,"_step":79,"Validation F1 Score":0.5426165182744304,"Validation Recall":0.5087231378401479,"_timestamp":1.7363557435588021e+09,"Validation Loss":0.251369642153863,"Validation Dice Coefficient":0.5426169720388228,"Train IoU":0.43809987964865926,"_wandb":{"runtime":2344},"Train F1 Score":0.6069196641663492,"Validation IoU":0.3760977079791407,"epoch":40,"Train Dice Coefficient":0.6069201406760093,"Train Loss":0.21642689041165641,"Validation Accuracy":0.9952992371150425,"Train AUROC":0.9596925288329631,"_runtime":2340.900770818,"Train Precision":0.6179714152664492,"Validation Precision":0.6113840139681294,"Train Accuracy":0.9952992371150425}