{"Train Precision":0.5900410184493432,"Validation Accuracy":0.9949394364060064,"Train Accuracy":0.9949394364060064,"_wandb":{"runtime":9095},"Validation AUROC":0.9636846011684786,"Validation IoU":0.3730925206215151,"Train F1 Score":0.5755486265643612,"Train AUROC":0.9487986372504043,"_runtime":9025.519887201,"_timestamp":1.7385075863998697e+09,"Train Recall":0.5748828372785023,"_step":183,"Train IoU":0.40658289417897386,"Train Loss":0.2326852894309676,"Validation Recall":0.5207259015690896,"epoch":92,"Validation Precision":0.5938690785438784,"Validation Loss":0.2527692789031613,"Validation F1 Score":0.5390203335592824,"Train Dice Coefficient":0.5755490987073808,"Validation Dice Coefficient":0.5390207998214229}