{"Train AUROC":0.964189758667579,"_wandb":{"runtime":2607},"Validation AUROC":0.9679530397538216,"Validation Loss":0.2506426053662454,"Validation Accuracy":0.9955110988774143,"Train F1 Score":0.6271375915506384,"Train Precision":0.6308650234680035,"Train Loss":0.20617852556508975,"Validation IoU":0.3817978222523966,"_runtime":2602.569199446,"Train IoU":0.45914252544497397,"Validation Precision":0.6300742549280967,"epoch":49,"Validation F1 Score":0.5481446010451163,"Train Dice Coefficient":0.6271380634753259,"Train Accuracy":0.9955110988774143,"_step":97,"Train Recall":0.6327815716301565,"_timestamp":1.7386641467107062e+09,"Validation Dice Coefficient":0.5481450567322392,"Validation Recall":0.5056783133937467}