{"Train Recall":0.6221875085395837,"Validation F1 Score":0.49210575554105973,"Train F1 Score":0.6330022459509987,"_timestamp":1.7379337111405323e+09,"Train AUROC":0.938313844818739,"Train IoU":0.4647868116321804,"Train Accuracy":0.9956569079333132,"Train Dice Coefficient":0.6330027167902053,"Validation AUROC":0.931013458304935,"Validation Loss":0.27932516982158023,"Validation Recall":0.431455135345459,"Validation Precision":0.598221050368415,"_runtime":805.73815006,"Validation IoU":0.32898325721422833,"Validation Dice Coefficient":0.49210623568958706,"epoch":54,"Train Precision":0.6517724769670259,"_wandb":{"runtime":808},"Validation Accuracy":0.9956569079333132,"_step":109,"Train Loss":0.20232671396162524}