{"Validation Accuracy":0.9945805076533144,"Validation Loss":0.30059155490663314,"Train Accuracy":0.9945805076533144,"_step":119,"Train IoU":0.38210355223349807,"_timestamp":1.7384211165840216e+09,"Validation F1 Score":0.4496927973296907,"_runtime":412.244890418,"Validation Recall":0.4229817870590422,"_wandb":{"runtime":412},"Train F1 Score":0.5517234232440684,"Train Loss":0.2447548100033646,"Validation IoU":0.2923656105995178,"Train AUROC":0.95277742169938,"Train Precision":0.5601851619639486,"Validation AUROC":0.9596108363734351,"epoch":59,"Validation Precision":0.5175938672489591,"Validation Dice Coefficient":0.4496932691997952,"Train Dice Coefficient":0.5517239013932785,"Train Recall":0.5518122011760496}