{"_wandb":{"runtime":3796},"Train AUROC":0.9628362136009412,"Train Dice Coefficient":0.6422770814799563,"Validation IoU":0.3930471448167678,"Validation AUROC":0.9661720029769405,"Validation Recall":0.5194180050203877,"Validation Precision":0.6321768126180095,"Validation Accuracy":0.9957745016276182,"Train F1 Score":0.6422766069352845,"_step":133,"Train Recall":0.6340443511585613,"Train Loss":0.19820833727444484,"Train IoU":0.47562020744159544,"Validation Dice Coefficient":0.5589802265167236,"epoch":67,"Train Accuracy":0.9957745016276182,"Validation F1 Score":0.558979764100044,"Validation Loss":0.24451605591081804,"_runtime":3773.959329932,"Train Precision":0.6593323793166723,"_timestamp":1.7385114675737467e+09}