{"Validation Accuracy":0.9944867895636367,"Train Dice Coefficient":0.5446745924678914,"Train Precision":0.5523045365408663,"Train F1 Score":0.5446741189057137,"Train Loss":0.2490802043196046,"_step":33,"Validation IoU":0.35473273165764346,"_timestamp":1.736364624874584e+09,"Validation Loss":0.26470805896866706,"Validation Recall":0.4965988810985319,"Validation Precision":0.5852227009111836,"Train Accuracy":0.9944867895636367,"_wandb":{"runtime":1011},"Train IoU":0.3763601099833464,"_runtime":1011.651922468,"Train AUROC":0.9542333276280554,"Validation Dice Coefficient":0.5202021704566094,"epoch":17,"Train Recall":0.5524715324352075,"Validation AUROC":0.9714505749364053,"Validation F1 Score":0.5202017061171993}