{"_runtime":2422.689441887,"_step":77,"_wandb":{"runtime":2427},"Validation Recall":0.5267550868372763,"Train F1 Score":0.6138568163573087,"Train AUROC":0.9635860328272585,"Validation IoU":0.374664161474474,"Validation Accuracy":0.9954334455968696,"Validation AUROC":0.9678555823141529,"Validation F1 Score":0.5402305683782024,"Train Accuracy":0.9954334455968696,"Validation Precision":0.5830030585488966,"_timestamp":1.7363603695959227e+09,"Validation Dice Coefficient":0.5402310298335168,"Train Recall":0.6099998476086083,"Train IoU":0.4451854345781026,"Validation Loss":0.25280275075666364,"Train Dice Coefficient":0.6138572869720039,"Train Loss":0.21124449568790393,"Train Precision":0.6298655214763823,"epoch":39}