{"epoch":29,"Validation Recall":0.4346311539411545,"Validation IoU":0.3270508390333917,"Train F1 Score":0.5474085453546272,"Train Accuracy":0.9944941532686822,"_runtime":519.719135414,"Validation Precision":0.5920615262455411,"Validation AUROC":0.9506716628869375,"Train Recall":0.552375187851348,"Validation Dice Coefficient":0.4904543674654431,"_step":59,"Train AUROC":0.9347741172748542,"Train Loss":0.2483666183063819,"Train Precision":0.5525336809128335,"Validation Accuracy":0.9944941532686822,"_timestamp":1.7362889295216217e+09,"Validation Loss":0.27967185775438946,"Validation F1 Score":0.49045390056239235,"Train IoU":0.3782877087967951,"_wandb":{"runtime":523},"Train Dice Coefficient":0.5474090180681936}