{"Validation F1 Score":0.5254558122927143,"Validation Recall":0.5019490516954853,"epoch":60,"Train IoU":0.4673343074845744,"_step":119,"_wandb":{"runtime":4449},"_timestamp":1.7384140862535415e+09,"Validation Accuracy":0.9956911173495617,"Train Loss":0.20160877660953955,"Train Dice Coefficient":0.6347306562867356,"Train AUROC":0.9635271665814159,"Train F1 Score":0.6347301838162182,"Validation Dice Coefficient":0.5254562891298725,"Train Accuracy":0.9956911173495617,"Validation Loss":0.26127088358325345,"Train Recall":0.6285426089396844,"Validation AUROC":0.9607114195823669,"Validation Precision":0.5936712882211131,"Train Precision":0.6535907233809377,"Validation IoU":0.36062364472496894,"_runtime":4447.780924972}