{"Validation Dice Coefficient":0.5296699885399111,"_wandb":{"runtime":1723},"Validation Recall":0.5565027479202517,"Validation Loss":0.25854247423910326,"Train Accuracy":0.9951436421373389,"Validation F1 Score":0.5296695078572919,"Train AUROC":0.9136955290486961,"Train Precision":0.6029537708768041,"Validation Accuracy":0.9951436421373389,"Train Recall":0.6122034182806155,"Train IoU":0.4315888394802918,"epoch":24,"_step":47,"Train F1 Score":0.6008520191842384,"_timestamp":1.7363266766896677e+09,"Train Loss":0.2281594081021054,"_runtime":1706.914430605,"Validation AUROC":0.9509216643148853,"Validation IoU":0.36250383863526003,"Validation Precision":0.5344832279989796,"Train Dice Coefficient":0.6008524849956289}