{"Validation IoU":0.3227343410253525,"Train Loss":0.2472859481861303,"_wandb":{"runtime":1375},"_step":61,"Train Recall":0.5596153096401648,"Validation Accuracy":0.9945266054663466,"Train AUROC":0.9619034310400267,"Train F1 Score":0.5493440769967579,"Train Precision":0.5509425569803287,"_runtime":1370.770718246,"Train Accuracy":0.9945266054663466,"epoch":31,"Validation AUROC":0.9717965087582988,"Train Dice Coefficient":0.5493445521964259,"_timestamp":1.7386709132720537e+09,"Train IoU":0.38046319504360576,"Validation Loss":0.28293407395962744,"Validation Precision":0.5511698684384746,"Validation Dice Coefficient":0.4846733250925618,"Validation F1 Score":0.4846728559463255,"Validation Recall":0.46851562876855174}