{"Validation Recall":0.45277619030740524,"_runtime":691.776104314,"_step":85,"Validation F1 Score":0.5102234184741974,"Train AUROC":0.9458188973132919,"Validation AUROC":0.9552609986729093,"Train F1 Score":0.573008859682383,"Train Precision":0.5734636127573889,"Validation Loss":0.2703351891703076,"Train Recall":0.580553724705798,"Train Loss":0.23612889806804416,"Validation Accuracy":0.9947892476177815,"Validation Dice Coefficient":0.5102238787545098,"Train IoU":0.403006503604493,"epoch":43,"_wandb":{"runtime":693},"Validation Precision":0.6108502215809293,"Validation IoU":0.3443224181731542,"Train Accuracy":0.9947892476177815,"_timestamp":1.738681026535709e+09,"Train Dice Coefficient":0.5730093318336414}