{"Validation F1 Score":0.46996884379121995,"Train Recall":0.5128459268770877,"Validation Precision":0.5249976830350028,"Validation Dice Coefficient":0.4699693073829015,"Validation Recall":0.4501989351378547,"Train Loss":0.2736544952077686,"Train Precision":0.49572734150496667,"Validation IoU":0.3098063005341424,"Train Accuracy":0.9938161763005287,"Train F1 Score":0.4989093114744942,"_timestamp":1.738679889838612e+09,"epoch":39,"Validation AUROC":0.9650166663858626,"Train IoU":0.33355277167551173,"_step":77,"Train Dice Coefficient":0.49890979149806425,"Validation Loss":0.28995299835999805,"Train AUROC":0.9520748688739801,"_runtime":276.629429255,"_wandb":{"runtime":278},"Validation Accuracy":0.9938161763005287}