{"Validation F1 Score":0.5417687094980671,"_step":79,"Train Recall":0.6130241553534518,"Validation Precision":0.6257829848797091,"Train Precision":0.626501345372462,"Validation IoU":0.3747877440144939,"epoch":40,"Train F1 Score":0.6140153450625283,"Train Loss":0.21296982677319112,"_wandb":{"runtime":1302},"Validation Dice Coefficient":0.5417691699920162,"Train Dice Coefficient":0.6140158150222276,"Validation Accuracy":0.9953938945309146,"_runtime":1292.975578968,"Train IoU":0.44545438503607726,"Train AUROC":0.9594033642129584,"Validation Loss":0.2515286245653706,"Validation AUROC":0.9733567526263576,"Train Accuracy":0.9953938945309146,"Validation Recall":0.5056802351628581,"_timestamp":1.7386774113140934e+09}