{"Validation Precision":0.6483286676868316,"Train F1 Score":0.6800566344034105,"_step":119,"_runtime":3310.509456681,"Validation Recall":0.4517279796061977,"Validation Dice Coefficient":0.520534356755595,"Train Loss":0.17713377267231434,"_timestamp":1.7379266279713912e+09,"Train Recall":0.6622383483709433,"Validation AUROC":0.9319546741823996,"Validation F1 Score":0.5205339058752982,"Train AUROC":0.958161154509464,"epoch":60,"Validation Accuracy":0.9962742570992354,"Validation IoU":0.35889536959509694,"Train Accuracy":0.9962742570992354,"Train Dice Coefficient":0.6800571087297502,"_wandb":{"runtime":3311},"Train IoU":0.5180902636640674,"Validation Loss":0.26434908050202555,"Train Precision":0.7083092338436252}