{"Train Precision":0.6817511933627146,"Validation Dice Coefficient":0.5218507791719129,"Train F1 Score":0.6583819939539983,"_step":119,"Train Loss":0.18976502390680733,"Validation Loss":0.26589642417046333,"epoch":60,"Validation IoU":0.356794118400543,"Validation Precision":0.617594160379902,"Train Recall":0.6477571425638793,"Validation Recall":0.4750309999912016,"_wandb":{"runtime":3335},"Train IoU":0.49304492122087723,"Train Accuracy":0.9959713816642761,"Validation AUROC":0.9495961300788387,"Validation Accuracy":0.9959713816642761,"Validation F1 Score":0.5218503254075204,"Train Dice Coefficient":0.658382467079512,"_runtime":3334.832775183,"_timestamp":1.7379307462602384e+09,"Train AUROC":0.9509180635759682}