{"Validation Recall":0.4824887691966949,"Train Accuracy":0.9945101567677089,"Train Loss":0.23825269981181665,"Validation F1 Score":0.5091553445785276,"Validation Loss":0.27006830948014415,"Validation Precision":0.5808071282602125,"Train Dice Coefficient":0.5702154684416104,"Validation IoU":0.3439571996850352,"Validation Dice Coefficient":0.5091558002656505,"_timestamp":1.738669510301604e+09,"Train Recall":0.5809629722993016,"_runtime":2010.339389186,"epoch":42,"Validation AUROC":0.9706318936040325,"_wandb":{"runtime":2015},"Train F1 Score":0.5702149922594483,"Train Precision":0.5716039489258776,"Train IoU":0.40098440240481836,"Train AUROC":0.9611150469535437,"Validation Accuracy":0.9945101567677089,"_step":83}