{"_runtime":402.769644215,"_wandb":{"runtime":403},"Train IoU":0.36270484047115975,"Train Loss":0.25663855137690056,"Train Recall":0.5309811524999967,"Validation IoU":0.29089723692999947,"Validation Dice Coefficient":0.44743555784225464,"_step":103,"Validation AUROC":0.9404889543851217,"Train F1 Score":0.5308508402521506,"Train Precision":0.5413668142549647,"Train Accuracy":0.9943504138562664,"Validation Recall":0.41316021978855133,"epoch":51,"_timestamp":1.7384202496970906e+09,"Validation F1 Score":0.44743508100509644,"Train AUROC":0.9268958654793553,"Validation Accuracy":0.9943504138562664,"Validation Loss":0.30343179321951336,"Validation Precision":0.5259365985790888,"Train Dice Coefficient":0.5308513165270008}