{"Train Loss":0.1963214002849855,"Train F1 Score":0.6447398222628093,"_wandb":{"runtime":2207},"Train AUROC":0.9481246925535656,"Validation F1 Score":0.5270679708450071,"Validation Dice Coefficient":0.5270684313389563,"_step":79,"_timestamp":1.736328951397898e+09,"Train Accuracy":0.9957979321479797,"Validation Precision":0.6164522228702423,"Train Recall":0.6398855028571663,"Validation Accuracy":0.9957979321479797,"Validation IoU":0.3607366301359669,"Train Dice Coefficient":0.6447402914583464,"epoch":40,"_runtime":2205.20133536,"Validation Recall":0.4819993967971494,"Validation AUROC":0.9685848951339722,"Train IoU":0.4781846059111012,"Validation Loss":0.2594217186973941,"Train Precision":0.6579140306829097}