{"Train Dice Coefficient":0.6507172286510468,"Train Accuracy":0.9959062665373415,"Train Loss":0.19433453774605042,"Train Recall":0.6416424355664097,"_timestamp":1.738492470042201e+09,"Validation Precision":0.625385163291808,"_runtime":3852.94086994,"Train F1 Score":0.6507167535605448,"_step":137,"Validation Loss":0.25725179574181956,"_wandb":{"runtime":3854},"Validation Dice Coefficient":0.5337373479720084,"Validation IoU":0.3680346569707317,"Train Precision":0.6692833469245897,"Validation AUROC":0.953159261134363,"Validation Accuracy":0.9959062665373415,"Train IoU":0.48487246888024466,"Validation F1 Score":0.5337368951689813,"epoch":69,"Validation Recall":0.48921211159998373,"Train AUROC":0.9542548983961672}